"fullname","address","city_id","city","country"
"Vera Mccoy","1168 Najafabad Parkway",251,"Kabul","Afghanistan"
"June Carroll","757 Rustenburg Avenue",483,"Skikda","Algeria"
"Mario Cheatham","1924 Shimonoseki Drive",59,"Batna","Algeria"
"Judy Gray","1031 Daugavpils Parkway",63,"Bchar","Algeria"
"Anthony Schwab","1892 Nabereznyje Telny Lane",516,"Tafuna","American Samoa"
"Claude Herzog","486 Ondo Parkway",67,"Benguela","Angola"
"Martin Bales","368 Hunuco Boulevard",360,"Namibe","Angola"
"Bobby Boudreau","1368 Maracabo Boulevard",493,"South Hill","Anguilla"
"Kimberly Lee","96 Tafuna Way",128,"Crdoba","Argentina"
"Florence Woods","1532 Dzerzinsk Way",334,"Merlo","Argentina"
"Jordan Archuleta","1229 Varanasi (Benares) Manor",43,"Avellaneda","Argentina"
"Willie Howell","1244 Allappuzha (Alleppey) Place",567,"Vicente Lpez","Argentina"
"Julia Flores","1926 El Alto Avenue",289,"La Plata","Argentina"
"Darryl Ashcraft","166 Jinchang Street",165,"Ezeiza","Argentina"
"Leonard Schofield","88 Nagaon Manor",524,"Tandil","Argentina"
"Micheal Forman","203 Tambaram Street",161,"Escobar","Argentina"
"Jason Morrissey","1427 A Corua (La Corua) Place",45,"Baha Blanca","Argentina"
"Willie Markham","1623 Kingstown Drive",20,"Almirante Brown","Argentina"
"Lydia Burke","1483 Pathankot Street",454,"San Miguel de Tucumn","Argentina"
"Eric Robert","430 Kumbakonam Drive",457,"Santa F","Argentina"
"Perry Swafford","773 Dallas Manor",424,"Quilmes","Argentina"
"Stephanie Mitchell","42 Brindisi Place",586,"Yerevan","Armenia"
"Nora Herrera","1587 Loja Manor",447,"Salzburg","Austria"
"Jill Hawkins","1440 Compton Place",307,"Linz","Austria"
"Audrey Ray","1010 Klerksdorp Way",186,"Graz","Austria"
"Raymond Mcwhorter","503 Sogamoso Loop",505,"Sumqayit","Azerbaijan"
"Andrew Purdy","431 Szkesfehrvr Avenue",48,"Baku","Azerbaijan"
"Seth Hannon","1759 Niznekamsk Avenue",14,"al-Manama","Bahrain"
"Stephen Qualls","1838 Tabriz Lane",143,"Dhaka","Bangladesh"
"Michelle Clark","262 A Corua (La Corua) Parkway",525,"Tangail","Bangladesh"
"Frank Waggoner","1816 Bydgoszcz Loop",234,"Jamalpur","Bangladesh"
"Clara Shaw","1027 Songkhla Manor",340,"Molodetno","Belarus"
"Cory Meehan","556 Asuncin Way",339,"Mogiljov","Belarus"
"Joel Francisco","287 Cuautla Boulevard",501,"Sucre","Bolivia"
"Jon Wiles","659 Gatineau Boulevard",153,"El Alto","Bolivia"
"Harold Martino","1293 Nam Dinh Way",84,"Boa Vista","Brazil"
"Joseph Joy","1354 Siegen Street",25,"Angra dos Reis","Brazil"
"Daniel Cabral","543 Bergamo Avenue",215,"Ibirit","Brazil"
"Francisco Skidmore","614 Denizli Parkway",486,"So Leopoldo","Brazil"
"Jeremy Hurtado","1133 Rizhao Avenue",572,"Vitria de Santo Anto","Brazil"
"Tina Simmons","984 Effon-Alaiye Avenue",183,"Goinia","Brazil"
"Marian Mendoza","829 Grand Prairie Way",328,"Maring","Brazil"
"Ida Andrews","1839 Szkesfehrvr Parkway",317,"Luzinia","Brazil"
"George Linton","1957 Yantai Lane",490,"Sorocaba","Brazil"
"Maxine Silva","1338 Zalantun Lane",413,"Poos de Caldas","Brazil"
"Jesus Mccartney","259 Ipoh Drive",189,"Guaruj","Brazil"
"Charlotte Hunter","758 Junan Lane",190,"guas Lindas de Gois","Brazil"
"Debra Nelson","306 Antofagasta Place",569,"Vila Velha","Brazil"
"Marion Snyder","1891 Rizhao Boulevard",456,"Santa Brbara dOeste","Brazil"
"Ellen Simpson","1666 Qomsheh Drive",410,"Po","Brazil"
"Timothy Bunn","981 Kumbakonam Place",89,"Braslia","Brazil"
"Antonio Meek","1190 0 Place",44,"Bag","Brazil"
"Kent Arsenault","32 Liaocheng Way",248,"Juiz de Fora","Brazil"
"Frances Parker","686 Garland Manor",247,"Juazeiro do Norte","Brazil"
"Natalie Meyer","1201 Qomsheh Manor",28,"Aparecida de Goinia","Brazil"
"Clayton Barbee","1407 Pachuca de Soto Place",21,"Alvorada","Brazil"
"Terri Vasquez","1304 s-Hertogenbosch Way",83,"Blumenau","Brazil"
"Tamara Nguyen","356 Olomouc Manor",26,"Anpolis","Brazil"
"Cody Nolen","1715 Okayama Street",485,"So Bernardo do Campo","Brazil"
"Justin Ngo","519 Nyeri Manor",461,"Santo Andr","Brazil"
"Nicholas Barfield","1163 London Parkway",66,"Belm","Brazil"
"Denise Kelly","1206 Dos Quebradas Place",431,"Rio Claro","Brazil"
"Jane Bennett","1692 Ede Loop",30,"Araatuba","Brazil"
"Lois Butler","1370 Le Mans Avenue",53,"Bandar Seri Begawan","Brunei"
"Tyrone Asher","191 Jos Azueta Parkway",436,"Ruse","Bulgaria"
"Jessie Banks","1229 Valencia Parkway",498,"Stara Zagora","Bulgaria"
"Elmer Noe","1768 Udine Loop",60,"Battambang","Cambodia"
"Allison Stanley","754 Valencia Place",406,"Phnom Penh","Cambodia"
"Albert Crouse","1641 Changhwa Place",52,"Bamenda","Cameroon"
"Lawrence Lawton","114 Jalib al-Shuyukh Manor",585,"Yaound","Cameroon"
"Curtis Irby","432 Garden Grove Street",430,"Richmond Hill","Canada"
"Troy Quigley","983 Santa F Way",565,"Vancouver","Canada"
"Darrell Power","1844 Usak Avenue",196,"Halifax","Canada"
"Derrick Bourque","1153 Allende Way",179,"Gatineau","Canada"
"Loretta Carpenter","891 Novi Sad Manor",383,"Oshawa","Canada"
"Javier Elrod","195 Ilorin Street",363,"NDjamna","Chad"
"Jerome Kenyon","1872 Toulon Loop",428,"Rancagua","Chile"
"Janet Phillips","1718 Valencia Street",27,"Antofagasta","Chile"
"Andre Rapp","568 Dhule (Dhulia) Loop",127,"Coquimbo","Chile"
"Tiffany Jordan","804 Elista Drive",159,"Enshi","China"
"Michele Grant","798 Cianjur Avenue",590,"Yuncheng","China"
"Megan Palmer","1560 Jelets Boulevard",291,"Laiwu","China"
"Eduardo Hiatt","1837 Kaduna Parkway",241,"Jining","China"
"Marion Ocampo","1464 Kursk Parkway",574,"Weifang","China"
"Dora Medina","1760 Oshawa Manor",535,"Tianjin","China"
"Dave Gardiner","1052 Pathankot Avenue",299,"Leshan","China"
"Bob Pfeiffer","415 Pune Avenue",580,"Xintai","China"
"Terrence Gunderson","844 Bucuresti Place",242,"Jinzhou","China"
"Hugh Waldrop","904 Clarksville Drive",193,"Haining","China"
"Guy Brownlee","346 Cam Ranh Avenue",599,"Zhoushan","China"
"Kelly Knott","390 Wroclaw Way",462,"Sanya","China"
"Ted Breaux","183 Haiphong Street",46,"Baicheng","China"
"Christy Vargas","1158 Mandi Bahauddin Parkway",136,"Datong","China"
"Jessie Milam","1332 Gaziantep Lane",80,"Binzhou","China"
"Pamela Baker","1440 Fukuyama Loop",362,"Nanyang","China"
"Roland South","1993 0 Loop",588,"Yingkou","China"
"Franklin Troutman","1778 Gijn Manor",594,"Zaoyang","China"
"Chester Benner","1574 Goinia Boulevard",502,"Suihua","China"
"Margie Wade","1762 Paarl Parkway",298,"Lengshuijiang","China"
"Tyler Wren","1060 Tandil Lane",432,"Rizhao","China"
"Stacey Montgomery","1333 Haldia Street",174,"Fuyu","China"
"Charlie Bess","362 Rajkot Lane",47,"Baiyin","China"
"Kay Caldwell","85 San Felipe de Puerto Plata Drive",584,"Yantai","China"
"Leona Obrien","1308 Sumy Loop",175,"Fuzhou","China"
"Judith Cox","1966 Amroha Avenue",139,"Daxian","China"
"Felicia Sutton","226 Halifax Street",277,"Korla","China"
"Clyde Tobias","1909 Dayton Avenue",469,"Shaoguan","China"
"Kelly Torres","1586 Guaruj Place",579,"Xiangtan","China"
"Sue Peters","817 Bradford Loop",109,"Changzhou","China"
"Roberto Vu","1297 Alvorada Parkway",587,"Yinchuan","China"
"Leo Ebert","1322 Mosul Parkway",145,"Dongying","China"
"Michael Silverman","1908 Gaziantep Place",536,"Tiefa","China"
"Donald Mahon","1774 Yaound Place",166,"Ezhou","China"
"Leroy Bustamante","105 Dzerzinsk Manor",540,"Tongliao","China"
"Ruby Washington","1952 Chatsworth Drive",332,"Meixian","China"
"Phyllis Foster","832 Nakhon Sawan Manor",592,"Zalantun","China"
"Ricky Shelby","722 Bradford Lane",249,"Junan","China"
"Kyle Spurlock","1269 Botosani Manor",468,"Shanwei","China"
"Heidi Larson","1103 Bilbays Parkway",578,"Xiangfan","China"
"Melvin Ellington","1557 Cape Coral Parkway",293,"Laohekou","China"
"Gary Coy","867 Benin City Avenue",591,"Yuzhou","China"
"Austin Cintron","1325 Fukuyama Street",537,"Tieli","China"
"Erica Matthews","1294 Firozabad Drive",407,"Pingxiang","China"
"Regina Berry","475 Atinsk Way",240,"Jinchang","China"
"Lorraine Stephens","154 Tallahassee Loop",199,"Hami","China"
"Alan Kahn","753 Ilorin Avenue",157,"Emeishan","China"
"Carrie Porter","1854 Tieli Street",302,"Liaocheng","China"
"Ernest Stepp","500 Lincoln Parkway",210,"Huaian","China"
"Glenda Frazier","1246 Boksburg Parkway",422,"Qinhuangdao","China"
"Hazel Warren","1587 Sullana Lane",207,"Hohhot","China"
"Eugene Culpepper","686 Donostia-San Sebastin Lane",471,"Shenzhen","China"
"Walter Perryman","1909 Benguela Lane",581,"Xinxiang","China"
"Sylvia Ortiz","241 Mosul Lane",147,"Dos Quebradas","Colombia"
"Wanda Patterson","1740 Portoviejo Avenue",480,"Sincelejo","Colombia"
"Jackie Lynch","98 Stara Zagora Boulevard",96,"Buenaventura","Colombia"
"Stacy Cunningham","1410 Benin City Parkway",405,"Pereira","Colombia"
"Leon Bostic","734 Tanshui Avenue",170,"Florencia","Colombia"
"Sam Mcduffie","656 Matamoros Drive",487,"Sogamoso","Colombia"
"Aaron Selby","1519 Santiago de los Caballeros Loop",348,"Mwene-Ditu","Congo, The Democratic Republic of the"
"Jesse Schilling","514 Ife Way",315,"Lubumbashi","Congo, The Democratic Republic of the"
"Jennie Terry","682 Halisahar Place",378,"Olomouc","Czech Republic"
"Randall Neumann","1245 Ibirit Way",290,"La Romana","Dominican Republic"
"Myrtle Fleming","532 Toulon Street",460,"Santiago de los Caballeros","Dominican Republic"
"Jeff East","437 Chungho Drive",450,"San Felipe de Puerto Plata","Dominican Republic"
"Ramon Choate","1954 Kowloon and New Kowloon Way",434,"Robamba","Ecuador"
"Patsy Davidson","816 Cayenne Parkway",414,"Portoviejo","Ecuador"
"Tracy Herrmann","1074 Sanaa Parkway",311,"Loja","Ecuador"
"Sherry Marshall","1987 Coacalco de Berriozbal Loop",476,"Shubra al-Khayma","Egypt"
"Everett Banda","1741 Hoshiarpur Boulevard",79,"Bilbays","Egypt"
"Rick Mattox","775 ostka Drive",337,"Mit Ghamr","Egypt"
"Alfred Casillas","1727 Matamoros Place",465,"Sawhaj","Egypt"
"Emma Boyd","765 Southampton Drive",421,"Qalyub","Egypt"
"Lillie Kim","1736 Cavite Place",216,"Idfu","Egypt"
"Marcus Hidalgo","1289 Belm Boulevard",530,"Tartu","Estonia"
"Sean Douglass","614 Pak Kret Street",6,"Addis Abeba","Ethiopia"
"Edward Baugh","1359 Zhoushan Parkway",545,"Trshavn","Faroe Islands"
"Erika Pena","898 Jining Lane",387,"Oulu","Finland"
"Rita Graham","1386 Yangor Avenue",543,"Toulon","France"
"Virginia Green","391 Callao Drive",544,"Toulouse","France"
"Lauren Hudson","1740 Le Mans Loop",297,"Le Mans","France"
"Luis Yanez","1346 Mysore Drive",92,"Brest","France"
"Rose Howard","698 Otsu Street",105,"Cayenne","French Guiana"
"Christine Roberts","1447 Imus Way",167,"Faaa","French Polynesia"
"Gloria Cook","1668 Saint Louis Place",397,"Papeete","French Polynesia"
"Salvador Teel","247 Jining Parkway",54,"Banjul","Gambia"
"Alma Austin","1074 Binzhou Manor",325,"Mannheim","Germany"
"Miguel Betancourt","319 Springs Loop",160,"Erlangen","Germany"
"Vicki Fields","68 Molodetno Manor",575,"Witten","Germany"
"Grace Ellis","442 Rae Bareli Place",148,"Duisburg","Germany"
"Colleen Burton","430 Alessandria Loop",439,"Saarbrcken","Germany"
"Vickie Brewer","1966 Tonghae Street",198,"Halle/Saale","Germany"
"Vanessa Sims","1792 Valle de la Pascua Place",477,"Siegen","Germany"
"Linda Williams","692 Joliet Street",38,"Athenai","Greece"
"Enrique Forsythe","1101 Bucuresti Boulevard",401,"Patras","Greece"
"Gertrude Castillo","850 Salala Loop",371,"Nuuk","Greenland"
"Jessica Hall","18 Duisburg Boulevard",121,"Citt del Vaticano","Holy See (Vatican City State)"
"Violet Rodriquez","1912 Allende Manor",279,"Kowloon and New Kowloon","Hong Kong"
"Terrance Roush","42 Fontana Avenue",512,"Szkesfehrvr","Hungary"
"Theodore Culp","1704 Tambaram Manor",554,"Uluberia","India"
"Holly Fox","435 0 Way",195,"Haldia","India"
"Lori Wood","936 Salzburg Lane",425,"Rae Bareli","India"
"Tim Cary","1257 Guadalajara Street",78,"Bijapur","India"
"John Farnsworth","41 El Alto Parkway",398,"Parbhani","India"
"Laurie Lawrence","9 San Miguel de Tucumn Manor",169,"Firozabad","India"
"Sherri Rhodes","922 Vila Velha Loop",9,"Ahmadnagar","India"
"Ramona Hale","951 Stara Zagora Manor",400,"Patiala","India"
"Nicole Peterson","57 Arlington Manor",475,"Shivapuri","India"
"Becky Miles","1993 Tabuk Lane",522,"Tambaram","India"
"Carla Gutierrez","642 Nador Drive",77,"Bhusawal","India"
"Lester Kraus","1013 Tabuk Boulevard",261,"Kanchrapara","India"
"Naomi Jennings","1884 Shikarpur Avenue",263,"Karnal","India"
"Mildred Bailey","81 Hodeida Way",231,"Jaipur","India"
"Lucy Wheeler","624 Oshawa Boulevard",51,"Balurghat","India"
"Tonya Chapman","43 Dadu Avenue",74,"Bhilwara","India"
"Cheryl Murphy","1213 Ranchi Parkway",350,"Mysore","India"
"Penny Neal","1675 Xiangfan Manor",283,"Kumbakonam","India"
"Nina Soto","1519 Ilorin Place",395,"Palghat (Palakkad)","India"
"Brett Cornwell","1197 Sokoto Boulevard",478,"Siliguri (Shiliguri)","India"
"Milton Howland","758 Korolev Parkway",568,"Vijayawada","India"
"Raul Fortier","1747 Rustenburg Place",110,"Chapra","India"
"Agnes Bishop","866 Shivapuri Manor",448,"Sambhal","India"
"Erik Guillen","635 Brest Manor",75,"Bhimavaram","India"
"Christian Jung","949 Allende Lane",24,"Amroha","India"
"Amy Lopez","176 Mandaluyong Place",239,"Jhansi","India"
"Brenda Wright","33 Gorontalo Way",257,"Kamarhati","India"
"Pearl Garza","60 Poos de Caldas Street",243,"Jodhpur","India"
"Arlene Harvey","1014 Loja Manor",22,"Ambattur","India"
"Lena Jensen","1027 Banjul Place",197,"Halisahar","India"
"Cynthia Young","1425 Shikarpur Manor",346,"Munger (Monghyr)","India"
"Dwayne Olvera","1447 Imus Place",426,"Rajkot","India"
"Georgia Jacobs","954 Kimchon Place",559,"Uttarpara-Kotrung","India"
"Helen Harris","419 Iligan Lane",76,"Bhopal","India"
"Nancy Thomas","808 Bhopal Manor",582,"Yamuna Nagar","India"
"Alicia Mills","1963 Moscow Place",354,"Nagaon","India"
"Gerald Fultz","45 Aparecida de Goinia Place",464,"Satna","India"
"Samuel Marlow","604 Bern Place",429,"Ranchi","India"
"Adam Gooch","230 Urawa Drive",8,"Adoni","India"
"Wayne Truong","1049 Matamoros Parkway",191,"Gulbarga","India"
"Joshua Mark","1920 Weifang Avenue",427,"Rampur","India"
"Carlos Coughlin","97 Mogiljov Lane",73,"Bhavnagar","India"
"Anita Morales","788 Atinsk Street",211,"Hubli-Dharwad","India"
"Juanita Mason","943 Johannesburg Avenue",417,"Pune","India"
"Shannon Freeman","117 Boa Vista Way",566,"Varanasi (Benares)","India"
"Josephine Gomez","211 Chiayi Drive",164,"Etawah","India"
"Sally Pierce","1540 Wroclaw Drive",107,"Chandrapur","India"
"Nellie Garrett","1964 Gijn Manor",473,"Shimoga","India"
"Mike Way","990 Etawah Loop",564,"Valparai","India"
"Beatrice Arnold","1877 Ezhou Lane",550,"Udaipur","India"
"Edith Mcdonald","1967 Sincelejo Place",176,"Gandhinagar","India"
"Allen Butterfield","791 Salinas Street",208,"Hoshiarpur","India"
"Marvin Yee","126 Acua Parkway",71,"Berhampore (Baharampur)","India"
"Annette Olson","431 Xiangtan Avenue",18,"Allappuzha (Alleppey)","India"
"Chad Carbone","1948 Bayugan Parkway",264,"Katihar","India"
"Lee Hawks","1661 Abha Drive",416,"Pudukkottai","India"
"Bradley Motley","1596 Acua Parkway",418,"Purnea (Purnia)","India"
"Steven Curley","651 Pathankot Loop",336,"Miraj","India"
"Paula Bryant","1697 Tanauan Lane",399,"Pathankot","India"
"Bernard Colby","495 Bhimavaram Lane",144,"Dhule (Dhulia)","India"
"Jared Ely","1003 Qinhuangdao Street",419,"Purwakarta","Indonesia"
"Victoria Gibson","544 Malm Parkway",403,"Pemalang","Indonesia"
"Suzanne Nichols","456 Escobar Way",232,"Jakarta","Indonesia"
"Tara Ryan","1688 Nador Lane",184,"Gorontalo","Indonesia"
"Minnie Romero","47 Syktyvkar Lane",118,"Ciomas","Indonesia"
"Jeffrey Spear","1860 Taguig Loop",119,"Ciparay","Indonesia"
"Steve Mackenzie","154 Oshawa Manor",415,"Probolinggo","Indonesia"
"Norman Currier","1445 Carmen Parkway",117,"Cianjur","Indonesia"
"Jay Robb","1947 Paarl Way",509,"Surakarta","Indonesia"
"Lloyd Dowd","935 Aden Boulevard",532,"Tegal","Indonesia"
"Jorge Olivares","1078 Stara Zagora Drive",301,"Lhokseumawe","Indonesia"
"Reginald Kinder","519 Brescia Parkway",318,"Madiun","Indonesia"
"Leslie Seward","1152 al-Qatif Lane",412,"Pontianak","Indonesia"
"Lonnie Tirado","1658 Cuman Loop",396,"Pangkal Pinang","Indonesia"
"Oscar Aquino","956 Nam Dinh Manor",481,"Sirjan","Iran"
"Kathleen Adams","334 Munger (Monghyr) Lane",31,"Arak","Iran"
"Tommy Collazo","76 Kermanshah Manor",423,"Qomsheh","Iran"
"Howard Fortner","220 Hidalgo Drive",265,"Kermanshah","Iran"
"Dorothy Taylor","1531 Sal Drive",162,"Esfahan","Iran"
"Dianne Shelton","600 Bradford Street",514,"Tabriz","Iran"
"Roberta Harper","927 Barcelona Street",467,"Shahr-e Kord","Iran"
"Harry Arce","1922 Miraj Way",356,"Najafabad","Iran"
"Daryl Larue","1208 Tama Loop",344,"Mosul","Iraq"
"Kenneth Gooden","1542 Lubumbashi Boulevard",57,"Bat Yam","Israel"
"Lewis Lyman","632 Usolje-Sibirskoje Parkway",36,"Ashqelon","Israel"
"Geraldine Perkins","97 Shimoga Avenue",533,"Tel Aviv-Jaffa","Israel"
"Crystal Ford","659 Vaduz Drive",34,"Ashdod","Israel"
"Darren Windham","379 Lublin Parkway",309,"Livorno","Italy"
"Bessie Morrison","1926 Gingoog Street",511,"Syrakusa","Italy"
"Alexander Fennell","231 Kaliningrad Place",70,"Bergamo","Italy"
"Christopher Greco","1224 Huejutla de Reyes Boulevard",91,"Brescia","Italy"
"Marc Outlaw","1 Valle de Santiago Avenue",93,"Brindisi","Italy"
"Adrian Clary","1986 Sivas Place",551,"Udine","Italy"
"Anna Hill","127 Purnea (Purnia) Manor",17,"Alessandria","Italy"
"Miriam Mckinney","1336 Benin City Drive",386,"Otsu","Japan"
"Teresa Rogers","1964 Allappuzha (Alleppey) Street",227,"Iwakuni","Japan"
"Kurt Emmons","1421 Quilmes Lane",260,"Kanazawa","Japan"
"Jerry Jordon","124 al-Manama Way",382,"Onomichi","Japan"
"Cathy Spencer","1287 Xiangfan Boulevard",253,"Kakamigahara","Japan"
"Frederick Isbell","1404 Taguig Drive",547,"Tsuyama","Japan"
"Rachel Barnes","586 Tete Way",256,"Kamakura","Japan"
"Kristen Chavez","345 Oshawa Boulevard",204,"Hino","Japan"
"James Gannon","1635 Kuwana Boulevard",205,"Hiroshima","Japan"
"Julian Vest","923 Tangail Boulevard",10,"Akishima","Japan"
"Clarence Gamez","767 Pyongyang Drive",229,"Izumisano","Japan"
"Ricardo Meador","591 Sungai Petani Drive",376,"Okayama","Japan"
"Earl Shanks","168 Cianjur Manor",228,"Iwatsuki","Japan"
"Ron Deluca","1949 Sanya Street",224,"Isesaki","Japan"
"Phillip Holm","102 Chapra Drive",521,"Tama","Japan"
"Jamie Waugh","958 Sagamihara Lane",287,"Kuwana","Japan"
"Tony Carranza","454 Patiala Lane",276,"Koriyama","Japan"
"Gwendolyn May","446 Kirovo-Tepetsk Lane",203,"Higashiosaka","Japan"
"Debbie Reyes","928 Jaffna Loop",172,"Fukuyama","Japan"
"Stanley Scroggins","1266 Laredo Parkway",380,"Omiya","Japan"
"Rebecca Scott","61 Tama Street",284,"Kurashiki","Japan"
"Angela Hernandez","786 Aurora Avenue",474,"Shimonoseki","Japan"
"Marlene Welch","1148 Saarbrcken Parkway",226,"Iwaki","Japan"
"Bruce Schwarz","1565 Tangail Manor",377,"Okinawa","Japan"
"Terry Carlson","752 Ondo Loop",338,"Miyakonojo","Japan"
"Mary Smith","1913 Hanoi Way",463,"Sasebo","Japan"
"Joanne Robertson","1337 Lincoln Parkway",555,"Urawa","Japan"
"Terry Grissom","619 Hunuco Avenue",331,"Matsue","Japan"
"Heather Morris","17 Kabul Boulevard",355,"Nagareyama","Japan"
"Lisa Anderson","1542 Tarlac Parkway",440,"Sagamihara","Japan"
"Angel Barclay","496 Celaya Drive",552,"Ueda","Japan"
"Byron Box","521 San Juan Bautista Tuxtepec Place",598,"Zhezqazghan","Kazakstan"
"Irene Price","602 Paarl Street",402,"Pavlodar","Kazakstan"
"Roy Whiting","1658 Jastrzebie-Zdrj Loop",372,"Nyeri","Kenya"
"Katie Elliott","447 Surakarta Loop",271,"Kisumu","Kenya"
"Claudia Fuller","346 Skikda Parkway",233,"Jalib al-Shuyukh","Kuwait"
"Sarah Lewis","1780 Hino Boulevard",303,"Liepaja","Latvia"
"Ryan Salisbury","1673 Tangail Drive",137,"Daugavpils","Latvia"
"Evelyn Morgan","943 Tokat Street",560,"Vaduz","Liechtenstein"
"Felix Gaffney","1059 Yuncheng Avenue",570,"Vilnius","Lithuania"
"Andrea Henderson","320 Baiyin Parkway",319,"Mahajanga","Madagascar"
"Lynn Payne","710 San Felipe del Progreso Avenue",304,"Lilongwe","Malawi"
"Dolores Wagner","316 Uruapan Street",223,"Ipoh","Malaysia"
"Jean Bell","1114 Liepaja Street",282,"Kuching","Malaysia"
"Charles Kowalski","715 So Bernardo do Campo Lane",507,"Sungai Petani","Malaysia"
"Glen Talbert","1789 Saint-Denis Parkway",4,"Acua","Mexico"
"Ivan Cromwell","1351 Sousse Lane",341,"Monclova","Mexico"
"Shane Millard","184 Mandaluyong Street",288,"La Paz","Mexico"
"Sara Perry","125 Citt del Vaticano Boulevard",40,"Atlixco","Mexico"
"Isaac Oglesby","186 Skikda Lane",131,"Cuernavaca","Mexico"
"Willard Lumpkin","1819 Alessandria Loop",103,"Carmen","Mexico"
"Ronald Weiner","1145 Vilnius Manor",451,"San Felipe del Progreso","Mexico"
"Samantha Duncan","146 Johannesburg Way",330,"Matamoros","Mexico"
"Francis Sikes","355 Vitria de Santo Anto Way",452,"San Juan Bautista Tuxtepec","Mexico"
"Matthew Mahan","479 San Felipe del Progreso Avenue",130,"Cuautla","Mexico"
"Tracy Cole","1002 Ahmadnagar Manor",213,"Huixquilucan","Mexico"
"Virgil Wofford","760 Miyakonojo Drive",246,"Jos Azueta","Mexico"
"Bobbie Craig","86 Higashiosaka Lane",563,"Valle de Santiago","Mexico"
"Douglas Graf","785 Vaduz Street",335,"Mexicali","Mexico"
"Andy Vanhorn","966 Asuncin Way",212,"Huejutla de Reyes","Mexico"
"Vincent Ralston","397 Sunnyvale Avenue",19,"Allende","Mexico"
"Sergio Stanfield","1402 Zanzibar Boulevard",106,"Celaya","Mexico"
"Jonathan Scarborough","1698 Southport Loop",393,"Pachuca de Soto","Mexico"
"Danielle Daniels","781 Shimonoseki Drive",202,"Hidalgo","Mexico"
"Benjamin Varney","817 Laredo Avenue",188,"Guadalajara","Mexico"
"Priscilla Lowe","144 South Hill Loop",445,"Salamanca","Mexico"
"Jim Rea","814 Simferopol Loop",154,"El Fuerte","Mexico"
"Fred Wheat","433 Florencia Street",250,"Jurez","Mexico"
"Stella Moreno","1473 Changhwa Parkway",124,"Coacalco de Berriozbal","Mexico"
"Wendy Harrison","1107 Nakhon Sawan Avenue",365,"Nezahualcyotl","Mexico"
"Maurice Crawley","1785 So Bernardo do Campo Street",125,"Coatzacoalcos","Mexico"
"Alex Gresham","251 Florencia Drive",556,"Uruapan","Mexico"
"Pauline Henry","261 Saint Louis Way",541,"Torren","Mexico"
"Alvin Deloach","1447 Chatsworth Place",129,"Cuauhtmoc","Mexico"
"Floyd Gandy","1088 Ibirit Place",595,"Zapopan","Mexico"
"Martha Gonzalez","269 Cam Ranh Parkway",115,"Chisinau","Moldova"
"Laura Rodriguez","28 Charlotte Amalie Street",443,"Sal","Morocco"
"Lance Pemberton","454 Qinhuangdao Drive",68,"Beni-Mellal","Morocco"
"Amanda Carter","671 Graz Street",353,"Nador","Morocco"
"Marsha Douglas","771 Yaound Manor",64,"Beira","Mozambique"
"Don Bone","596 Huixquilucan Place",351,"Naala-Porto","Mozambique"
"Annie Russell","1599 Plock Drive",534,"Tete","Mozambique"
"Mabel Holland","51 Laredo Avenue",342,"Monywa","Myanmar"
"Barbara Jones","1566 Inegl Manor",349,"Myingyan","Myanmar"
"Duane Tubbs","962 Tama Loop",583,"Yangor","Nauru"
"Kevin Schuler","470 Boksburg Street",81,"Birgunj","Nepal"
"Glenn Pullen","992 Klerksdorp Loop",23,"Amersfoort","Netherlands"
"Vivian Ruiz","741 Ambattur Manor",438,"s-Hertogenbosch","Netherlands"
"Rhonda Kennedy","1749 Daxian Place",29,"Apeldoorn","Netherlands"
"Dustin Gillette","1854 Okara Boulevard",158,"Emmen","Netherlands"
"Peter Menard","1217 Konotop Avenue",151,"Ede","Netherlands"
"Susan Wilson","478 Joliet Way",200,"Hamilton","New Zealand"
"Sonia Gregory","1279 Udine Parkway",69,"Benin City","Nigeria"
"Gladys Hamilton","1177 Jelets Way",220,"Ilorin","Nigeria"
"Carol Garcia","320 Brest Avenue",252,"Kaduna","Nigeria"
"Wallace Slone","1342 Sharja Way",488,"Sokoto","Nigeria"
"Constance Reid","885 Yingkou Manor",596,"Zaria","Nigeria"
"Marilyn Ross","1888 Kabul Drive",217,"Ife","Nigeria"
"Elsie Kelley","955 Bamenda Way",218,"Ikerre","Nigeria"
"Jo Fowler","786 Stara Zagora Way",390,"Oyo","Nigeria"
"Velma Lucas","1155 Liaocheng Place",152,"Effon-Alaiye","Nigeria"
"Bertha Ferguson","1367 Yantai Manor",381,"Ondo","Nigeria"
"Olga Jimenez","556 Baybay Manor",374,"Ogbomosho","Nigeria"
"Rodney Moeller","1936 Lapu-Lapu Parkway",141,"Deba Habe","Nigeria"
"Tracey Barrett","1006 Santa Brbara dOeste Manor",389,"Owo","Nigeria"
"Darlene Rose","1386 Nakhon Sawan Boulevard",420,"Pyongyang","North Korea"
"Gene Sanborn","1416 San Juan Bautista Tuxtepec Avenue",444,"Salala","Oman"
"Margaret Moore","613 Korolev Drive",329,"Masqat","Oman"
"Sharon Robinson","1688 Okara Way",327,"Mardan","Pakistan"
"Danny Isom","734 Bchar Place",375,"Okara","Pakistan"
"Jeffery Pinson","966 Arecibo Loop",134,"Dadu","Pakistan"
"Deborah Walker","934 San Felipe de Puerto Plata Street",472,"Shikarpur","Pakistan"
"Melinda Fernandez","1820 Maring Parkway",324,"Mandi Bahauddin","Pakistan"
"Maureen Little","201 Effon-Alaiye Way",37,"Asuncin","Paraguay"
"Carl Artis","1628 Nagareyama Lane",453,"San Lorenzo","Paraguay"
"Eileen Carr","1679 Antofagasta Street",122,"Ciudad del Este","Paraguay"
"David Royal","827 Yuncheng Drive",99,"Callao","Peru"
"Jaime Nettles","1746 Faaa Way",214,"Hunuco","Peru"
"Thelma Murray","1175 Tanauan Way",305,"Lima","Peru"
"Freddie Duggan","1103 Quilmes Boulevard",503,"Sullana","Peru"
"Hilda Hopkins","1831 Nam Dinh Loop",323,"Mandaluyong","Philippines"
"Marcia Dean","1479 Rustenburg Boulevard",527,"Tanza","Philippines"
"Norma Gonzales","152 Kitwe Parkway",82,"Bislig","Philippines"
"Derek Blakely","118 Jaffna Loop",182,"Gingoog","Philippines"
"Melanie Armstrong","1166 Changhwa Street",62,"Bayugan","Philippines"
"Joe Gilliland","953 Hodeida Street",221,"Imus","Philippines"
"Irma Pearson","127 Iwakuni Boulevard",192,"Hagonoy","Philippines"
"Kathy James","492 Cam Ranh Street",61,"Baybay","Philippines"
"Allan Cornish","947 Trshavn Place",528,"Tarlac","Philippines"
"Deanna Byrd","862 Xintai Lane",548,"Tuguegarao","Philippines"
"Ross Grey","951 Springs Lane",219,"Iligan","Philippines"
"Viola Hanson","582 Papeete Loop",294,"Lapu-Lapu","Philippines"
"Craig Morrell","717 Changzhou Lane",104,"Cavite","Philippines"
"Louis Leone","1191 Tandil Drive",523,"Tanauan","Philippines"
"Billy Poulin","1061 Ede Avenue",98,"Cabuyao","Philippines"
"Theresa Watson","89 Allappuzha (Alleppey) Manor",517,"Taguig","Philippines"
"Shirley Allen","217 Botshabelo Place",138,"Davao","Philippines"
"Rafael Abney","48 Maracabo Place",519,"Talavera","Philippines"
"Eddie Tomlin","1351 Aparecida de Goinia Parkway",391,"Ozamis","Philippines"
"Arnold Havens","1176 Southend-on-Sea Manor",458,"Santa Rosa","Philippines"
"Sidney Burleson","1405 Hagonoy Avenue",133,"Czestochowa","Poland"
"Russell Brinson","1642 Charlotte Amalie Drive",549,"Tychy","Poland"
"Brian Wyman","1769 Iwaki Lane",97,"Bydgoszcz","Poland"
"Jimmie Eggleston","505 Madiun Boulevard",577,"Wroclaw","Poland"
"Ruben Geary","414 Mandaluyong Street",314,"Lublin","Poland"
"Leah Curtis","906 Goinia Way",255,"Kalisz","Poland"
"Marjorie Tucker","1050 Garden Grove Avenue",236,"Jastrzebie-Zdrj","Poland"
"Johnnie Chisholm","1501 Pangkal Pinang Avenue",409,"Plock","Poland"
"Ralph Madrigal","1009 Zanzibar Lane",32,"Arecibo","Puerto Rico"
"Jenny Castro","1405 Chisinau Place",411,"Ponce","Puerto Rico"
"Ken Prewitt","1342 Abha Boulevard",95,"Bucuresti","Romania"
"Joy George","1256 Bislig Boulevard",86,"Botosani","Romania"
"Eleanor Hunt","1952 Pune Lane",442,"Saint-Denis","Runion"
"Jeanette Greene","1077 San Felipe de Puerto Plata Place",369,"Novoterkassk","Russian Federation"
"Philip Causey","954 Lapu-Lapu Way",278,"Korolev","Russian Federation"
"Catherine Campbell","46 Pjatigorsk Lane",343,"Moscow","Russian Federation"
"Jimmy Schrader","616 Hagonoy Avenue",39,"Atinsk","Russian Federation"
"Marie Turner","1998 Halifax Drive",308,"Lipetsk","Russian Federation"
"Ann Evans","909 Garland Manor",367,"Niznekamsk","Russian Federation"
"Randy Gaither","1618 Olomouc Manor",285,"Kurgan","Russian Federation"
"Ben Easter","886 Tonghae Place",259,"Kamyin","Russian Federation"
"Jack Foust","1378 Beira Loop",597,"Zeleznogorsk","Russian Federation"
"Juan Fraley","469 Nakhon Sawan Street",531,"Teboksary","Russian Federation"
"Arthur Simpkins","1157 Nyeri Loop",320,"Maikop","Russian Federation"
"Erin Dunn","1623 Baha Blanca Manor",310,"Ljubertsy","Russian Federation"
"Connie Wallace","1867 San Juan Bautista Tuxtepec Avenue",225,"Ivanovo","Russian Federation"
"Warren Sherrod","1621 Tongliao Avenue",558,"Usolje-Sibirskoje","Russian Federation"
"Donna Thompson","270 Toulon Boulevard",156,"Elista","Russian Federation"
"Robin Hayes","1913 Kamakura Place",238,"Jelets","Russian Federation"
"Herbert Kruger","1823 Hoshiarpur Lane",510,"Syktyvkar","Russian Federation"
"Ray Houle","740 Udaipur Lane",150,"Dzerzinsk","Russian Federation"
"Dana Hart","1089 Iwatsuki Avenue",270,"Kirovo-Tepetsk","Russian Federation"
"Alfredo Mcadams","1407 Surakarta Manor",466,"Serpuhov","Russian Federation"
"Paul Trout","746 Joliet Lane",286,"Kursk","Russian Federation"
"Doris Reed","1697 Kowloon and New Kowloon Loop",49,"Balaiha","Russian Federation"
"Robert Baughman","1883 Maikop Lane",254,"Kaliningrad","Russian Federation"
"Daisy Bates","661 Chisinau Lane",274,"Kolpino","Russian Federation"
"Hector Poindexter","185 Mannheim Lane",408,"Pjatigorsk","Russian Federation"
"Clifford Bowens","207 Cuernavaca Loop",352,"Nabereznyje Telny","Russian Federation"
"Delores Hansen","810 Palghat (Palakkad) Boulevard",235,"Jaroslavl","Russian Federation"
"Elaine Stevens","801 Hagonoy Drive",484,"Smolensk","Russian Federation"
"Jose Andrew","1016 Iwakuni Street",269,"Kingstown","Saint Vincent and the Grenadines"
"Joyce Edwards","725 Isesaki Place",237,"Jedda","Saudi Arabia"
"Christina Ramirez","1124 Buenaventura Drive",13,"al-Hawiya","Saudi Arabia"
"Mark Rinehart","780 Kimberley Way",515,"Tabuk","Saudi Arabia"
"Peggy Myers","733 Mandaluyong Place",2,"Abha","Saudi Arabia"
"Travis Estep","289 Santo Andr Manor",16,"al-Qatif","Saudi Arabia"
"Ronnie Ricketts","1889 Valparai Way",600,"Ziguinchor","Senegal"
"Keith Rico","482 Kowloon and New Kowloon Manor",90,"Bratislava","Slovakia"
"Dennis Gilman","1443 Mardan Street",392,"Paarl","South Africa"
"Lucille Holmes","999 Sanaa Loop",491,"Soshanguve","South Africa"
"Esther Crawford","898 Belm Manor",87,"Botshabelo","South Africa"
"Ethel Webb","569 Baicheng Lane",85,"Boksburg","South Africa"
"Dale Ratcliff","1639 Saarbrcken Drive",437,"Rustenburg","South Africa"
"Edna West","682 Junan Way",273,"Klerksdorp","South Africa"
"Edwin Burk","1766 Almirante Brown Street",364,"Newcastle","South Africa"
"Louise Jenkins","929 Tallahassee Loop",497,"Springs","South Africa"
"Dean Sauer","270 Tambaram Parkway",244,"Johannesburg","South Africa"
"Ruth Martinez","1417 Lancaster Avenue",267,"Kimberley","South Africa"
"Dwight Lombardi","1497 Fengshan Drive",112,"Chatsworth","South Africa"
"Courtney Day","300 Junan Street",553,"Uijongbu","South Korea"
"Fernando Churchill","193 Bhusawal Place",539,"Tonghae","South Korea"
"Bonnie Hughes","1942 Ciparay Parkway",113,"Cheju","South Korea"
"Tanya Gilbert","647 A Corua (La Corua) Street",357,"Naju","South Korea"
"Emily Diaz","588 Vila Velha Manor",268,"Kimchon","South Korea"
"Julie Sanchez","939 Probolinggo Loop",1,"A Corua (La Corua)","Spain"
"Mae Fletcher","44 Najafabad Way",146,"Donostia-San Sebastin","Spain"
"Nelson Christenson","1764 Jalib al-Shuyukh Parkway",459,"Santiago de Compostela","Spain"
"Wesley Bull","1469 Plock Lane",388,"Ourense (Orense)","Spain"
"Chris Brothers","331 Bydgoszcz Parkway",181,"Gijn","Spain"
"Manuel Murrell","692 Amroha Drive",230,"Jaffna","Sri Lanka"
"Diane Collins","115 Hidalgo Parkway",379,"Omdurman","Sudan"
"Johnny Turpin","1152 Citrus Heights Manor",15,"al-Qadarif","Sudan"
"Janice Ward","1150 Kimchon Manor",321,"Malm","Sweden"
"Katherine Rivera","915 Ponce Place",56,"Basel","Switzerland"
"Gail Knight","185 Novi Sad Place",72,"Bern","Switzerland"
"Wade Delvalle","1331 Usak Boulevard",296,"Lausanne","Switzerland"
"Tammy Sanders","1551 Rampur Lane",108,"Changhwa","Taiwan"
"Amber Dixon","1029 Dzerzinsk Manor",542,"Touliu","Taiwan"
"Elizabeth Brown","53 Idfu Parkway",361,"Nantou","Taiwan"
"Clifton Malcolm","1489 Kakamigahara Lane",526,"Tanshui","Taiwan"
"Kirk Stclair","1923 Stara Zagora Lane",546,"Tsaotun","Taiwan"
"Beverly Brooks","1947 Poos de Caldas Boulevard",114,"Chiayi","Taiwan"
"Brad Mccurdy","608 Birgunj Parkway",116,"Chungho","Taiwan"
"Morris Mccarter","1568 Celaya Parkway",168,"Fengshan","Taiwan"
"Melissa King","1668 Anpolis Street",316,"Lungtan","Taiwan"
"Roger Quintanilla","381 Kabul Way",209,"Hsichuh","Taiwan"
"Herman Devore","64 Korla Street",347,"Mwanza","Tanzania"
"Yolanda Weaver","605 Rio Claro Parkway",513,"Tabora","Tanzania"
"Charlene Alvarez","1842 Luzinia Boulevard",593,"Zanzibar","Tanzania"
"Jacqueline Long","870 Ashqelon Loop",489,"Songkhla","Thailand"
"Shawn Heaton","1337 Mit Ghamr Avenue",358,"Nakhon Sawan","Thailand"
"Carolyn Perez","1632 Bislig Avenue",394,"Pak Kret","Thailand"
"Henry Billingsley","1516 Escobar Drive",370,"Nukualofa","Tonga"
"Gregory Mauldin","507 Smolensk Loop",492,"Sousse","Tunisia"
"Edgar Rhoads","1269 Ipoh Avenue",163,"Eskisehir","Turkey"
"Billie Horton","457 Tongliao Loop",222,"Inegl","Turkey"
"Leslie Gordon","374 Bat Yam Boulevard",266,"Kilis","Turkey"
"Casey Mena","539 Hami Way",538,"Tokat","Turkey"
"Vernon Chapa","698 Jelets Boulevard",142,"Denizli","Turkey"
"Rosemary Schmidt","1215 Pyongyang Parkway",557,"Usak","Turkey"
"Karen Jackson","270 Amroha Parkway",384,"Osmaniye","Turkey"
"Brent Harkins","319 Plock Parkway",504,"Sultanbeyli","Turkey"
"Bernice Willis","29 Pyongyang Loop",58,"Batman","Turkey"
"Gabriel Harder","680 A Corua (La Corua) Manor",482,"Sivas","Turkey"
"Sheila Wells","848 Tafuna Manor",281,"Ktahya","Turkey"
"Larry Thrasher","663 Baha Blanca Parkway",5,"Adana","Turkey"
"Joann Gardner","842 Salzburg Lane",529,"Tarsus","Turkey"
"Brandon Huey","1912 Emeishan Drive",50,"Balikesir","Turkey"
"Corey Hauser","984 Novoterkassk Loop",180,"Gaziantep","Turkey"
"Jeanne Lawson","387 Mwene-Ditu Drive",35,"Ashgabat","Turkmenistan"
"Dawn Sullivan","454 Nakhon Sawan Boulevard",173,"Funafuti","Tuvalu"
"Pedro Chestnut","421 Yaound Street",385,"ostka","Ukraine"
"Monica Hicks","1752 So Leopoldo Parkway",345,"Mukateve","Ukraine"
"Brittany Riley","140 Chiayi Parkway",506,"Sumy","Ukraine"
"Kathryn Coleman","927 Baha Blanca Parkway",479,"Simferopol","Ukraine"
"Todd Tan","1793 Meixian Place",258,"Kamjanets-Podilskyi","Ukraine"
"Julio Noland","182 Nukualofa Drive",275,"Konotop","Ukraine"
"Tom Milner","535 Ahmadnagar Manor",3,"Abu Dhabi","United Arab Emirates"
"Misty Lambert","1192 Tongliao Street",470,"Sharja","United Arab Emirates"
"Lillian Griffin","669 Firozabad Loop",12,"al-Ayn","United Arab Emirates"
"Mattie Hoffman","1497 Yuzhou Drive",312,"London","United Kingdom"
"Sandra Martin","360 Toulouse Parkway",495,"Southend-on-Sea","United Kingdom"
"Dan Paine","808 Naala-Porto Parkway",500,"Stockport","United Kingdom"
"Gilbert Sledge","1515 Korla Way",589,"York","United Kingdom"
"Anne Powell","1557 Ktahya Boulevard",88,"Bradford","United Kingdom"
"Armando Gruber","869 Shikarpur Way",496,"Southport","United Kingdom"
"April Burns","483 Ljubertsy Parkway",149,"Dundee","United Kingdom"
"Cecil Vines","548 Uruapan Street",312,"London","United Kingdom"
"Marshall Thorn","1584 Ljubertsy Lane",494,"Southampton","United Kingdom"
"Betty White","770 Bydgoszcz Avenue",120,"Citrus Heights","United States"
"Patricia Johnson","1121 Loja Avenue",449,"San Bernardino","United States"
"Bill Gavin","1485 Bratislava Place",435,"Rockford","United States"
"Zachary Hite","98 Pyongyang Boulevard",11,"Akron","United States"
"Ashley Richardson","1214 Hanoi Way",306,"Lincoln","United States"
"Joan Cooper","1717 Guadalajara Lane",441,"Saint Louis","United States"
"Diana Alexander","1308 Arecibo Way",41,"Augusta-Richmond County","United States"
"Jacob Lance","1866 al-Qatif Avenue",155,"El Monte","United States"
"Rosa Reynolds","793 Cam Ranh Avenue",292,"Lancaster","United States"
"Nathaniel Adam","786 Matsue Way",245,"Joliet","United States"
"Rene Mcalister","1895 Zhezqazghan Drive",177,"Garden Grove","United States"
"Alice Stewart","1135 Izumisano Parkway",171,"Fontana","United States"
"Kim Cruz","333 Goinia Way",185,"Grand Prairie","United States"
"Bryan Hardison","530 Lausanne Lane",135,"Dallas","United States"
"Karl Seal","1427 Tabuk Place",101,"Cape Coral","United States"
"Victor Barkley","401 Sucre Boulevard",322,"Manchester","United States"
"Eva Ramos","1666 Beni-Mellal Place",123,"Clarksville","United States"
"Jennifer Davis","1795 Santiago de Compostela Way",295,"Laredo","United States"
"Clinton Buford","43 Vilnius Manor",42,"Aurora","United States"
"Jamie Rice","879 Newcastle Way",499,"Sterling Heights","United States"
"Valerie Black","782 Mosul Street",94,"Brockton","United States"
"Veronica Stone","369 Papeete Way",187,"Greensboro","United States"
"Kristin Johnston","226 Brest Manor",508,"Sunnyvale","United States"
"Scott Shelley","587 Benguela Manor",42,"Aurora","United States"
"Ian Still","1894 Boa Vista Way",178,"Garland","United States"
"Ana Bradley","682 Garden Grove Place",333,"Memphis","United States"
"Renee Lane","533 al-Ayn Boulevard",126,"Compton","United States"
"Thomas Grigsby","1191 Sungai Petani Boulevard",262,"Kansas City","United States"
"Richard Mccrary","913 Coacalco de Berriozbal Loop",33,"Arlington","United States"
"Shelly Watts","32 Pudukkottai Lane",140,"Dayton","United States"
"Toni Holt","1936 Cuman Avenue",433,"Roanoke","United States"
"Brandy Graves","1944 Bamenda Way",573,"Warren","United States"
"Carole Barnett","1980 Kamjanets-Podilskyi Street",404,"Peoria","United States"
"Wilma Richards","660 Jedda Boulevard",65,"Bellevue","United States"
"Cassandra Walters","920 Kumbakonam Loop",446,"Salinas","United States"
"Caroline Bowman","1309 Weifang Street",520,"Tallahassee","United States"
"Mathew Bolin","163 Augusta-Richmond County Loop",561,"Valencia","Venezuela"
"Calvin Martel","138 Caracas Boulevard",326,"Maracabo","Venezuela"
"Cindy Fisher","1079 Tel Aviv-Jaffa Boulevard",132,"Cuman","Venezuela"
"Alberto Henning","502 Mandi Bahauddin Parkway",55,"Barcelona","Venezuela"
"Yvonne Watkins","1848 Salala Boulevard",373,"Ocumare del Tuy","Venezuela"
"Kristina Chambers","544 Tarsus Boulevard",562,"Valle de la Pascua","Venezuela"
"Carmen Owens","1378 Alvorada Avenue",102,"Caracas","Venezuela"
"Greg Robins","1786 Salinas Place",359,"Nam Dinh","Vietnam"
"Beth Franklin","1149 A Corua (La Corua) Boulevard",194,"Haiphong","Vietnam"
"Neil Renner","1817 Livorno Way",100,"Cam Ranh","Vietnam"
"Harvey Guajardo","600 Purnea (Purnia) Avenue",571,"Vinh","Vietnam"
"Mitchell Westmoreland","617 Klerksdorp Place",366,"Nha Trang","Vietnam"
"Patrick Newsom","68 Ponce Parkway",201,"Hanoi","Vietnam"
"Nathan Runyon","264 Bhimavaram Manor",111,"Charlotte Amalie","Virgin Islands, U.S."
"Gordon Allard","434 Ourense (Orense) Manor",206,"Hodeida","Yemen"
"Gina Williamson","1001 Miyakonojo Lane",518,"Taizz","Yemen"
"Ella Oliver","751 Lima Loop",7,"Aden","Yemen"
"William Satterfield","687 Alessandria Parkway",455,"Sanaa","Yemen"
"Maria Miller","900 Santiago de Compostela Parkway",280,"Kragujevac","Yugoslavia"
"Max Pitt","1917 Kumbakonam Parkway",368,"Novi Sad","Yugoslavia"
"Barry Lovelace","1836 Korla Parkway",272,"Kitwe","Zambia"
